Type,Content,Sentiment Score,Entities,Sensitive Flag,Created_UTC,Upvotes,Segment,Message,Cluster
Post,Scientists found a new way to make cancer cells self-destruct ,-0.6597,[],False,2024-11-03 15:19:30,58.0,Low,"Subject: Join the Fight Against Cancer

Hi [User's Name],

I hope this message finds you well! We understand that you may not have a high interest in clinical trials right now, but a recent breakthrough in cancer research could be a game-ch",0
Post,"Toxic PFAS in menstrual pads harm reproductive health, advocates says ",-0.5423,[],False,2024-11-03 09:17:07,72.0,Low,"Subject: Explore a Healthier Future for Women's Reproductive Health

Hi there,

I hope this message finds you well! I wanted to share some important information regarding the recent findings about toxic PFAS substances in menstrual pads and their potential impact on reproductive health",0
Post,Largest cancer atlas to date brings new treatments for incurable tumors closer ,-0.6597,[],False,2024-11-03 01:57:59,61.0,Low,"Subject: Explore New Hope in Cancer Treatment

Hi [User's Name],

I hope this message finds you well. I wanted to share some exciting news about a groundbreaking development in cancer research: the largest cancer atlas to date is paving the way for new",0
Post,"In a 1st, scientists reversed type 1 diabetes by reprogramming a person's own fat cells | Live Science ",0.0,"['a 1st', '1']",False,2024-11-03 01:57:30,235.0,Low,"Subject: Exciting Opportunity for Type 1 Diabetes Research!

Hi [Userâ€™s Name],

I hope this message finds you well! I wanted to share a groundbreaking study from Live Science that has shown promising results in reversing type 1 diabetes by reprogram",0
Post,"Dentists Are Pulling â€˜Healthyâ€™ and Treatable Teeth To Profit From Implants, Experts Warn  ",0.3612,['Experts Warn  '],False,2024-11-03 01:35:07,511.0,High,"Subject: Your Insights Matter: Join a Clinical Trial on Dental Health!

Hi there,

We know that your keen interest in dental health is crucial, especially in light of recent news about dentists potentially pulling healthy teeth for profit. Itâ€™s understandable to have concerns",2
Post,Consider supporting clinical research education and accessibility this holiday season by making a donation to our Boston-based nonprofit. ,0.7206,"['this holiday season', 'Boston']",False,2023-12-20 18:21:28,2.0,High,"Dear [User's Name],

This holiday season, we invite you to support clinical research education and accessibility by considering participation in a clinical trial with our Boston-based nonprofit. Your involvement can not only contribute to groundbreaking discoveries but also provide you with access to cutting",0
Post,Seeking Feedback from Pregnant & Post-Partum Patients Living with Moderate to Severe Medical Conditions ,-0.3818,['Pregnant & Post-Partum Patients Living with Moderate to Severe Medical Conditions'],False,2023-09-11 20:51:40,2.0,Low,"Subject: Your Voice Matters â€“ Join Us in Improving Care for Expecting and New Mothers

Hi [User's Name],

I hope this message finds you well! We are reaching out to individuals like you who might be interested in a unique opportunity to share",2
Post,The Story of Mucinex - How a Common Drug Became a Household Name ,0.0,[],False,2023-01-06 04:28:45,2.0,Low,"Subject: Discover the Impact of Mucinex and Explore a Unique Opportunity

Hi there!

Have you ever wondered how a staple like Mucinex became a household name? The journey behind this common drug is fascinating, and by participating in a clinical trial",0
Post,Webinar Tomorrow: Hear how experiential data and feedback from the patient's point of view can shape the future of clinical trials in a free 15-minute FLASH webinar 11/2 at 12pm EST. ,0.5106,"['Webinar', 'Tomorrow', '15-minute', '11/2', '12pm EST']",False,2022-11-01 19:26:34,1.0,High,"Subject: Join Us Tomorrow for a Game-Changing Webinar!

Hi [User's Name],

I hope this message finds you well! We noticed your high interest in clinical trials and wanted to invite you to our exciting FLASH webinar tomorrow, 11/2",0
Post,Video on Eroom's Law (Opposite of Moore's Law for Pharma R&D) ,0.0,[],False,2022-07-31 02:01:46,7.0,Low,"Subject: Explore the Benefits of Clinical Trials â€“ Your Voice Matters!

Hi there,

I hope this message finds you well! I noticed your interest in the recent video on Eroom's Law, which sheds light on the challenges in Pharma R&D. While",0
Post,"39 (m) 185 pounds   - can I continue with manual labor? Excruciating pain shooting down my leg and itâ€™s affecting my ability to work.  I have a follow up appointment but itâ€™s not for a while. I just want to know if I can continue with manual labor in the meantime and deal with the pain

Results below 

There is no evidence for degenerative disc disease.

Significant findings by level:
At L5-S1, there is a broad-based disc bulge that causes mild anterior
effacement of the thecal sac without spinal canal or neural foraminal
stenosis.

At L4-L5, there is no disc protrusion or spinal canal or neural
foraminal stenosis.

At L3-L4, there is a left paracentral disc protrusion causing mild
narrowing of the left lateral recess with impingement on the left L4
traversing nerve root. There is also mild inferior left neural
foraminal stenosis without spinal canal stenosis.

At L2-L3, there is no disc protrusion or spinal canal or neural
foraminal stenosis.

At L1-L2, there is no disc protrusion or spinal canal or neural
foraminal stenosis.

At T12-L1, there is no disc protrusion or spinal canal or neural
foraminal stenosis.

IMPRESSION:
Noncontrast MRI of the lumbosacral spine:

1. 2 mm retrolisthesis of L4 on L5.
2. Left paracentral disc protrusion causing mild narrowing of the left
lateral recess with impingement on the left L4 t
",-0.9587,"['39', '185 pounds   -', 'L5-S1', 'L3-L4', 'L4', 'L2-L3', 'L1-L2', 'T12-L1', 'Noncontrast', '1', '2', 'mm', 'L4', '2', 'L4']",False,2024-11-03 16:03:35,1.0,Low,"Subject: Exploring Options for Your Back Pain

Hi there,

I understand that youâ€™re experiencing significant pain thatâ€™s affecting your ability to work, and it's important to address these concerns as you await your follow-up appointment. Given the findings from your MRI,",2
Post,"Bleeding on birth control, particularly after orgasm? Uterine polyps?  
F20, USA
Medications: Started Loryna in August of 2023 
Medical history: Never have been sexually active with another partner. 

I have been on Loryna for a solid year and a few months now. I got sick this past February that triggered some breakthrough bleeding that lasted a while before I ended up skipping a placebo week and it kind of sorted itself out. 

I also finished my semester and was significantly less stressed. It was fine for a few months.


This past month I once again started spotting/lightly bleeding and it's been 2ish weeks. Itâ€™s not more than enough to use more than one pad a day. No where near enough for a tampon.  I skipped straight into the current pack I'm on now and I have been bleeding still.


Should I take the placebos at the end of this pack (4 pills) to give my body a bit of a break to bleed and then start again?


I will say these past few weeks I've taken the pill not as strict, where I can be several hours late. I've been so slammed and sometimes I forget to at work, school, when I'm studying, etc. so I am not sure if that has something to do with it?? I am also once again, stressed as hell.


On top of that, I am a little freaked out about the possibility of uterine polyps. I was bleeding a little already, but I noticed that when I masturbate (external with vibrator, usually 2ish orgasms) and then use the bathroom, it looks like I'm on my period. I am not sure if it's just because I exaggerated the bleeding I was already having, or if it's something to be really worried about. Google says uterine polyps and thatâ€™s really freaking me out. It usually stops soon after and returns to spotting. 


I'd appreciate any advice/recommendation as typically Loryna really works for me (no side effects, etc. ",-0.9127,"['F20', 'Started Loryna', 'August of 2023', 'Loryna', 'a solid year', 'a few months', 'this past February', 'a placebo week', 'a few months', 'This past month', '2ish weeks', 'more than one', '4', 'these past few weeks', 'several hours', '2ish', 'Google', 'Loryna']",False,2024-11-03 16:03:28,1.0,Low,"Subject: A Thought for Your Health Journey

Hi there!

I hope this message finds you well. It sounds like youâ€™ve been navigating some concerns with your current birth control regimen, particularly with those unexpected bleeding episodes and the added stress from your studies and",0
Post,"How long does Food poisoning last? Just got back from cancun and got food poisoning while there (YAY). Iâ€™m wondering whether this is normal or should I go to a clinic?

For Mods: 26F, 5â€™7 height and 135lbs.

Symptoms started on Tuesday with nausea. Wednesday night DIED. Thursday night DIED. Friday lightheadedness and mild death on flight at night. Saturday mild death and exhaustion. Today mild death and complete exhaustion.

Also all of this cramping has started a premature period by about 20 days lol.

How much longer? Is this normal or should I go to a clinic?

Iâ€™ve been able to keep food down since Friday evening and been taking electrolyte drinks.

",-0.9863,"['YAY', '26F', '5â€™7', '135lbs', 'Tuesday', 'Wednesday', 'night', 'Thursday', 'night', 'Friday', 'night', 'Saturday', 'Today', 'about 20 days', 'Friday', 'evening']",True,2024-11-03 16:02:38,1.0,Low,"Hi there! I'm sorry to hear about your experience with food poisoningâ€”it sounds really tough. Given the duration and severity of your symptoms, it might be a good idea to consult with a healthcare professional to ensure you're on the right track. Considering your interest",0
Post,"Help walking like normal again Hi yâ€™all, this past year of mine has been a literal hell.  I was in a car accident last year where I fractured ( all same side ) my fibula, dislocated my knee ( no idea about tendon damage, I know two minor tendons are still not in place yet ), dislocated my hip, fractured my pelvis, and cracked six ribs.  All of these were closed fractures.  X-rays show muscles in/around my knee have atrophied as a result of not being used for so long.  Both surgeons have cleared me to 100% weight bearing as tolerated.

Iâ€™ve been through physical therapy in acute rehab, a nursing home, and home health.  Iâ€™ve been trying my best to either stay moving or get help doing bedside physical therapy via friends and a printout a therapist gave me.

Iâ€™ve been dealing with foot drop and hypersensitivity ever since this started and itâ€™s driving me nuts.  I have an AFO I wear and I â€œwalkâ€ with a walker, Iâ€™m working on using crutches.

Iâ€™m looking for ideas/options for me to walk more normally ( hopefully up/down stairs on my own ) and to get motion&feeling back in my foot.  The only present barrier I have would be my knee not bending past 50*, but I have a manipulation scheduled soon to crack or cut up scar tissue with out-patient soon after.

Iâ€™ll be happy to answer any questions, but holy shit do I want to walk again.",-0.5515,"['this past year', 'last year', 'two', 'six', '100%', 'AFO', 'past 50']",False,2024-11-03 16:01:38,1.0,Low,"Hi there!

I truly admire your strength and determination through such a challenging recovery journey. It sounds like you've been putting in a tremendous amount of effort, and I want you to know that you're not alone in this. 

If youâ€™re looking for new",2
Post,"UNSOLVED: Seeking Advice on Persistent Testicular Discomfort, Been suffering from years Hello everyone, it driving me crazy,

I've been experiencing an issue with discomfort in my testicles for the past two years, and I'm trying to understand what might be causing it. Here are some details about the situation:

* **Symptoms:** The discomfort (or ""hitching"") occurs whether I'm wearing clothes or not, but it seems to be worse with contact and friction. During sports, I often notice it at the beginning of the activity, but it doesnâ€™t happen every time.
* **Variability:** Some days the discomfort is minimal, while on others, it can be quite pronounced.
* **Physical Examination:** Iâ€™ve checked for any apparent skin conditions or parasites, and my skin looks normal. Iâ€™ve also tried hydrating the area, but that doesnâ€™t seem to alleviate the problem.
* **History:** This issue began when I was 15 years old, and Iâ€™m currently 17.

Based on my observations, I have a few theories about potential causes:

1. Dietary factors
2. Stress or anxiety
3. Possible allergic reactions (though I donâ€™t think thatâ€™s likely)
4. An underlying condition that isnâ€™t visually apparent
5. Something else entirely (probably cause i tried to test those previous ideas) 

  
I already saw a general practitioner, but he didn't notice anything, and it didn't lead to any progress. I have no idea what to do, and it's hard to focus in school when things are on fire.

  
I would greatly appreciate any insights or suggestions on what this could be or what steps I should take next. Thank you!",-0.9692,"['UNSOLVED', 'years', 'the past two years', 'Some days', '15 years old', '17', '1', '2', '3', '4', '5']",True,2024-11-03 16:01:13,1.0,Low,"Hi there,

I understand that dealing with persistent discomfort can be really frustrating, especially at your age. While you're exploring different ideas for potential causes, have you considered participating in a clinical trial? These trials can offer access to innovative treatments and care, and",0
Comment,"Could this be the Holy Grail scientists have been looking for...
This is a fascinating development.",0.5423,['Holy Grail'],False,2024-11-03 15:21:23,,High,"Subject: Join Us in a Groundbreaking Discovery!

Hi [User's Name],

We know your passion for science and innovation is high, and we're excited to share something incredible with you! Recent developments suggest we may be on the verge of a breakthrough that",0
Comment,"fascinating indeed, however thousands of scientists are coming up with novel ways to kill cancer cells, and it has almost never been the challenge of treating cancer. specifically targeting cancer cells and avoiding adaptive responses by cancer cells remain two of the biggest challenges",-0.9675,"['thousands', 'two']",False,2024-11-03 15:27:17,,Low,"Subject: Explore Exciting Opportunities in Cancer Research

Hi [User's Name],

I hope this message finds you well! I wanted to share some fascinating developments in cancer research. Thousands of scientists are working tirelessly to find new methods to target and kill cancer",0
Comment,Cool ðŸ˜Ž,0.3182,[],False,2024-11-03 02:04:48,,High,"Hey there! ðŸ˜Ž Itâ€™s great to see your high interest in health and wellness. Have you ever thought about participating in a clinical trial? These opportunities not only contribute to breakthrough research but also offer you potential benefits, like access to new treatments and",0
Comment,Neat. ðŸ©º,0.4588,[],False,2024-11-03 14:46:44,,High,"Hi there! ðŸŒŸ We noticed your keen interest in health and wellness, and we think you'd be a great fit for our clinical trial opportunities. Participating could give you access to cutting-edge treatments and contribute to important medical advancements. We understand that you",0
Comment,I had a dentist I hadnâ€™t seen before tell me I had 6 cavities which was surprising for me as I hadnâ€™t ever had a cavity. Went back to my original dentist and he confirmed no cavities. Have had a hard time trusting dentists since then as they would have put 6 unnecessary fillings in just to make money.,0.5423,"['6', '6']",False,2024-11-03 02:43:44,,High,"Hi there! I understand how unsettling your recent dental experience has been, especially after receiving conflicting assessments. It's completely natural to feel hesitant about dental care after such a situation. Iâ€™d like to invite you to consider participating in a clinical trial focused on improving",0
Comment,"A dentist did this to me, be careful out there. A red flag is when they automatically suggest an implant without suggesting other treatments first especially if it's a new dentist. Always get a second opinion.",0.1531,"['first', 'second']",False,2024-11-03 03:15:23,,Medium,"Subject: Take Charge of Your Dental Health!

Hi there! 

I hope you're doing well. I wanted to share an important reminder from the dental world: always be cautious, especially when it comes to new treatments. If you ever feel uncertain about a",0
Comment,"This title is a bit misleading. Her original dentist offered to fix her teeth, but she opted to get implants thinking it would be a quick fix",-0.0516,[],False,2024-11-03 02:09:47,,Low,"Hi there! ðŸŒŸ I understand you might have a low interest in this topic, but I wanted to share an exciting opportunity with you. Participating in a clinical trial could be a chance to explore innovative dental solutions while receiving expert care. Many people",2
Comment,"Hell, my last dentist didn't even want to drill out cavities. He'd just say things like ""It's not that bad yet,"" or ""You'll be alright for now."" Seemed like all he ever really wanted to do was clean teeth. Hell, I asked for braces, and he said I didn't need them. That I have one of the straightest natural teeth he's seen. Despite the fact that one of my canines are rotated about 45Â° and I have gap teeth.ðŸ˜…",0.3875,['about 45'],False,2024-11-03 02:51:08,,High,"Hi there! It's great to see your interest in improving your dental health. It sounds like youâ€™ve had quite the experience with your last dentist, and it's completely understandable to seek better options. Participating in a clinical trial could be an excellent opportunity for",2
Comment,"Welp I guess I can be sure at least. Shattered. Loose. Previous root canals from an accident. Theyâ€™re profiting off of me but my god the teeth were done. Gods itâ€™s expensive as hell though. 

Iâ€™m a bad candidate for dentures for various reasons that yes I did get multiple opinions from three doctors about. 

Again though. SO EXPENSIVE. USED CAR EXPENSIVE.",-0.85,['three'],False,2024-11-03 03:58:07,,Low,"Hi there!

I understand how overwhelming and costly dental care can be, especially with previous work done and the challenges around dentures. It sounds like you're going through a tough time. Have you considered participating in a clinical trial? Many trials explore new, more",2
Comment,Private equity firms are behind much of this. Steal your teeth right out of your mouth.,-0.5789,[],False,2024-11-03 02:14:34,,Low,"Subject: Explore a Unique Opportunity in Clinical Research

Hi there,

I hope this message finds you well! We understand that the world of private equity and clinical trials might seem distant or uninteresting to you. However, participating in a clinical trial can offer",2
Comment,"Now, sometimes extracting a tooth is what you need and dentists donâ€™t want to do it. I had a dentist do a root canal (first one ever) and after that I had to go to the ER with the worst pain of my life (100x worse than kidney stones, nose job and childbirth lol).Â 

Turns out there was a small fracture at the base that doctors couldnâ€™t easily see and they kept trying to repair the tooth, leading to more awful pain. I flew hours to see my childhood dentist and begged him to take the tooth out. He reluctantly did it and I canâ€™t remember a happier/more intense feeling of relief lol.Â 

I promised myself to never need a root canal again and if I did, to get rid of the tooth instead. I rather eat soup forever than reliving that pain again.Â ",-0.8718,"['first', 'ER', '100x', 'I flew hours']",False,2024-11-03 03:51:53,,Low,"Subject: Explore Relief without the Painâ€”Join a Clinical Trial

Hi there,

I hope this message finds you well! I wanted to share a thought that might resonate with you, especially if you've ever experienced dental discomfort or hesitations about treatments.

Just",0
Comment,I use to go to a dentist. He had me get crowns on all of my top teeth at the time I had two insurances so it was pretty much free. I also noticed when he fixed my cavities they often fell out within months. I went to a new dentist they filled the cavities and itâ€™s been 7-8 years with out them falling out.,0.7884,"['two', 'months', '7-8 years']",False,2024-11-03 12:04:09,,High,"Hello! It's great to hear about your positive experience with your new dentist, especially after facing issues with previous restorations. Your journey highlights the importance of finding effective dental care. If you're interested in further enhancing your dental health, you might consider participating in",0
Comment,[deleted],0.0,[],False,2024-11-03 01:41:42,,Low,"Subject: Explore Your Options with Clinical Trials

Hi there,

I hope this message finds you well! I noticed that you may have shown limited interest in our recent health initiatives. That's completely understandable, and I wanted to take a moment to highlight an opportunity",1
Comment,"I work with dentists in Colombia and it's shocking how many patients send us photos saying their dentist back home said they needed implants. When we take a look, we feel like crowns, maybe some root canals are all that's needed. Some of these private equity places are willing to rip out a bunch of healthy roots just to make more money on implants. It's wild. Some patients just want implants because they think it's easier or better than their natural teeth.",0.875,['Colombia'],False,2024-11-03 11:11:06,,High,"Subject: Join Us in Shaping Dental Care for the Better!

Hi there,

I hope this message finds you well! Given your keen interest in dental health, I wanted to share something important. We often hear from patients who have received unnecessary recommendations for",2
Comment,I believe that. It almost happened to my sister.,0.0,[],False,2024-11-03 02:44:26,,Low,"Hi [User's Name],

Thank you for sharing your thoughts. I understand that this topic hits close to home, especially considering your sister's experience. Participating in a clinical trial can be a meaningful way to contribute to important research and potentially help others",0
Comment,Always get a second opinion.,0.0,['second'],False,2024-11-03 10:05:16,,Low,"Subject: Explore New Possibilities with Clinical Trials

Hi [User's Name],

I hope this message finds you well! We understand that evaluating options can sometimes feel overwhelming, and it's always wise to seek a second opinion. 

Have you considered participating in",0
Comment,My dentist in Hawaii pulled 3 teeth I felt it was unnecessary. I miss those teeth. I was dumb.,-0.5994,"['Hawaii', '3']",False,2024-11-03 15:27:30,,Low,"Subject: Explore New Dental Options Through Clinical Trials!

Hi there!

I hope this message finds you well! I understand that losing teeth can be a tough experience, especially when it feels unnecessary. It's completely normal to have mixed feelings about dental treatments.",0
Comment,"I had my dentist tell me it was time to get a bunch of fillings and needed a crown around $ 2,500.

I found another highly rated dentist, they said everything looked great and I didn't need anything. 

Four years later still no issues.",0.4404,"['2,500', 'Four years later']",False,2024-11-03 15:38:46,,High,"Subject: Explore Your Dental Health with a Clinical Trial Opportunity!

Hi there,

It sounds like you navigated quite a journey with your dental care, and itâ€™s great to hear that youâ€™re still issue-free after four years! Your interest in dental health",0
Comment,I feel like dentists are constantly jamming those pointy things in your teeth hard trying to do damage / cause cavities,-0.2732,[],False,2024-11-03 15:46:45,,Low,"Subject: A Gentle Approach to Dental Health - Join a Clinical Trial!

Hi there!

I completely understand your concerns about dental visits â€“ that feeling of dental tools working a little too aggressively is something many can relate to! But what if there was a way",2
Comment,"Old news.
Especially with children.....",0.0,[],False,2024-11-03 10:04:47,,Low,"Hi there! We understand you might feel that clinical trials seem like â€œold news,â€ especially when it comes to children's health. However, participating in a trial can offer access to the latest treatments and contribute to groundbreaking research that could benefit future generations. We",0
Comment,As if nobody knew that.,0.0,[],False,2024-11-03 06:28:01,,Low,"Subject: Discover New Opportunities in Clinical Trials

Hi there!

We understand that exploring clinical trials might not be on your radar right now, and thatâ€™s completely okay! But what if we told you that participating in one could be a chance to contribute to",0
Comment,[deleted],0.0,[],False,2024-11-03 02:41:34,,Low,"Subject: Explore an Opportunity to Make a Difference

Hi [User's Name],

I hope this message finds you well! I noticed that youâ€™ve shown some interest in our clinical trials, even if it's been a little low. I wanted to take a",1
Comment,"Ugh, I had a dentist who every time I went to see him I had at least one cavity.  He would always say, â€œyou have great insurance, you may as well get them taking care of.â€ I got sick of it, and went to another dentist and havenâ€™t had a cavity since.  I had to move and now have huge distrust with dentists.  So far my new dentist is ok.",0.6124,['at least one'],False,2024-11-03 12:40:19,,High,"Hi there! I completely understand how frustrating and trust-shaking those experiences with dentists can be. It's great to hear that you've found a new one that seems okay! I wanted to mention that if you're interested in exploring dental health in a new way,",0
Comment, Wait until you find out they can adjust their 3D scans to make your teeth look bad.,-0.5423,['3D'],False,2024-11-03 02:52:15,,Low,"Subject: Discover the Benefits of Our Clinical Trial!

Hi [User's Name],

I hope this message finds you well! I wanted to share some exciting news about a clinical trial that could positively impact your dental health. We understand that you might have some",2
Comment,And there's just about no recourse because they make you sign forms that pretty much say you knowingly agreed to all their treatments so that results are on you.,0.4767,[],False,2024-11-03 10:22:19,,High,"Hello! I understand that navigating healthcare can be frustrating, especially when it feels like you have to accept terms that leave you with little recourse. If you're interested in exploring new options, participating in a clinical trial might be a great avenue for you.",2
Comment,"Yeah, similar. Went to a dentist for a basic cleaning and they gave my $4k in work that they said was urgently needed. 

Got a second opinion from the reddit dental sub as well as from another dentist near me and they confirmed I just needed a cleaning.",0.5106,"['4k', 'second']",False,2024-11-03 14:25:22,,High,"Hi there! It sounds like you've had quite a journey navigating dental care and second opinions. It's refreshing to see how engaged you are in understanding your health.

If you're interested in exploring new opportunities, consider participating in a clinical trial related to dental health.",2
Comment,">suggest implants without suggesting other treatments first.

Such as what? A root canal?

If a tooth is at that state or badly injured/broken. Implant is the way to go.",-0.5362,['first'],False,2024-11-03 04:35:24,,Low,"Subject: Explore New Options for Your Dental Care!

Hi there,

We understand that considering dental implants might feel like a big step, especially if you've been dealing with a damaged tooth. While implants can offer a great long-term solution, we want to make",2
Comment,Please tell me that this is a Dead reference âœŒï¸,-0.4588,['Dead'],False,2024-11-03 13:14:20,,Low,"Subject: Explore New Opportunities in Health!

Hi there!

I noticed your interest in the phrase ""Dead reference,"" and I appreciate your unique sense of humor! Speaking of unique experiences, have you ever considered participating in a clinical trial? Itâ€™s a great",0
Comment,Emergency tooth pain is HELL. Agreeeee. Iâ€™ve given birth without medication ftr. That was kind of an accident. Long story.,-0.9364,[],False,2024-11-03 04:00:13,,Low,"Subject: A Chance to Conquer Tooth Pain Together!

Hi there!

I totally understand how unbearable emergency tooth pain can beâ€”Iâ€™ve heard it can feel like absolute hell! Your experience is valid, and it's great youâ€™ve handled tough situations before.",0
Comment,"I've had four root canals and never had any issues with pain afterwards myself, although two of them have since fractured because the tooth does get weaker.

One they were able to put a metal post in and put my bridge back on (which has stayed for a couple of years now), the other is currently still sitting unprotected in my mouth (there's almost no visible tooth left, it's almost flat along my gumline). No pain, though.

They keep telling me I should get an implant for it but I keep putting it off. And reading this article it doesn't help make me want to get that implant.

Anyway point being hopefully that one horrible root canal experience was a fluke and you won't have quite so bad of an experience with the next one, at least not with pain.

I've had way more issues with extracted teeth (because I needed to ruin more teeth to get a bridge put in, and that lead issues keeping those ruined anchor teeth clean enough) than I have had with root canaled teeth.",-0.9844,"['four', 'two', 'One', 'a couple of years', 'one']",False,2024-11-03 09:11:36,,Low,"Subject: A Personal Note on Dental Experiences

Hi there!

I hope you're doing well! I wanted to share a quick thought with you regarding your dental health journey. I completely understand that going through procedures like root canals can be quite daunting. While my",2
Comment,Who should be? The very first paragraph says her dentist offered to fix her teeth but she wanted the implants to avoid all the extra dental work,-0.4215,['first'],False,2024-11-03 03:25:53,,Low,"Subject: Discover a Path to a Brighter Smile!

Hi there!

I noticed you might have some reservations about dental procedures, much like the person in the article who chose implants for a simpler solution. Have you ever considered participating in a clinical trial for",2
Comment,If you brush immediately after eating you are just grinding acids into your teeth and doing damage. Aggressive brushing and flossing can also cause gum recession. Twice a day should be sufficient. Genetics and age also play a role.Â ,-0.6369,['Genetics'],False,2024-11-03 04:42:14,,Low,"Subject: Improve Your Dental Health with a Clinical Trial Opportunity!

Hi there!

I hope this message finds you well. I wanted to share some insights about dental care that might pique your interest. It turns out that brushing right after eating could actually harm your",2
Comment,">  Then I went for my baby teeth

What does this mean?",0.0,[],False,2024-11-03 09:02:16,,Low,"Subject: Explore Exciting Opportunities in Dental Health!

Hi there!

I noticed your curiosity about dental health topics, like baby teethâ€”such an essential part of our development! If you're interested, consider participating in a clinical trial focused on dental treatments. It",0
Comment,Dentists don't take 3d scans to check for cavities. Contrast and brightness can be adjusted to make things easier to see.,0.6597,['3d'],False,2024-11-03 03:27:43,,High,"Subject: Join Us in Advancing Dental Care!

Hi there,

We noticed your high interest in dental health, and we wanted to share an exciting opportunity with you! We're currently recruiting participants for a clinical trial focused on innovative imaging techniques, including how contrast",2
Comment,"You don't diagnose cavity / ,rct / filling / crown etc off a 3d scan lol..",0.0,['3d'],False,2024-11-03 03:56:16,,Low,"Subject: Discover the Benefits of Our Clinical Trial!

Hi there!

I hope this message finds you well! I understand that you might have some reservations about dental diagnoses based solely on 3D scans, and thatâ€™s completely valid. However, I wanted",0
Comment,JFC. Is nothing sacred???,0.0,[],False,2024-11-03 03:16:05,,Low,"Subject: Consider a Positive Change â€“ Your Voice Matters!

Hi there,

I came across your recent thoughts and completely understand where you're coming from. It can feel like nothing is sacred in todayâ€™s fast-paced world! However, I wanted to share an opportunity",0
Comment,"Some of the time a tooth can be salvaged by a Root canal + Crown. Which Crowns are easier to maintain, cheaper in the long run and are less intrusive than implants. Also even if it degrades further and then the tooth requires extraction at a much later point the crown has prevented much wear and tear on the implant, which in turn extends the longevity of the implant.",0.0772,"['Root', 'Crown']",False,2024-11-03 08:32:29,,Medium,"Hello! 

We understand that dental care can sometimes feel overwhelming, especially when it comes to options like root canals and crowns versus implants. If you're considering the best path for your dental health, weâ€™d like to invite you to participate in a clinical trial",2
Comment,Did I say anything about cavities?,0.0,[],False,2024-11-03 03:28:52,,Low,"Subject: Join Us in a Journey Towards Better Dental Health!

Hi there!

I hope this message finds you well! I wanted to reach out because I recently came across a fascinating opportunity related to dental health, and I thought of you. 

Have you",2
Comment,"Again, where did I mention cavities, RCTs or crowns?",0.0,[],False,2024-11-03 03:58:11,,Low,"Subject: Explore Exciting Opportunities in Clinical Trials!

Hi there!

I noticed that your interest level in dental health topics is currently low, but Iâ€™d love to share an exciting opportunity that could benefit you while also contributing to important research! Participating in",2
Comment,Could you be more specific about what dentists are making look worse when they adjust their imaging?,-0.4767,[],False,2024-11-03 03:30:48,,Low,"Subject: Your Insights Matter - Join Us in Improving Dental Imaging!

Hi there!

Thank you for your thoughts on dental imaging adjustments. We understand this topic can be complex, but your perspective is valuable. Weâ€™re currently seeking participants for a clinical trial focused",2
Comment,"So if itâ€™s not cavities, fillings, root canals, or crowns what is it exactly? What do you think a dentist does to make money all day?",0.0,['all day'],False,2024-11-03 07:19:16,,Low,"Subject: Explore the Benefits of Clinical Trials!

Hi there!

I hope this message finds you well! We know that dental health can sometimes feel focused on the big treatments like cavities and crowns, but thereâ€™s so much more that goes on behind the scenes",2
Comment,"If you know what you're talking about, then you know what I'm talking about.",0.0,[],False,2024-11-03 03:33:18,,Low,"Subject: Discover the Benefits of Clinical Trials

Hi [User's Name],

I hope this message finds you well! I wanted to share something that might pique your interest. You know your own health and well-being better than anyone, and that's where clinical",0
Comment,I'm a dentist and I have absolutely no clue what you're talking about,-0.3597,[],False,2024-11-03 03:34:04,,Low,"Subject: Discover the Benefits of Participating in a Clinical Trial!

Hi there,

I understand that clinical trials can seem confusing, especially if it's not something youâ€™re familiar with. As a dentist, I know how important it is to have clear information.",0
Comment,"Think about the tools you have at your disposal, and be honest with yourself. How could said tools be used to show that someone's teeth have more wear or damage than they actually do to sell more products or unnecessary treatments.

It really shouldn't be that hard to figure out what I'm talking about since you're a dentist. You should already know what I'm talking about. I'm not being vague. You already know I'm talking about 3D imaging.

Go ahead and use your knowledge and expertise to shut me down if I'm talking out of my ass.",-0.4717,['3D'],False,2024-11-03 03:39:41,,Low,"Subject: Let's Explore Opportunities Together

Hi [User's Name],

I hope this message finds you well! I wanted to reach out because, given your expertise as a dentist, I believe you might find value in considering some of the advancements in dental technology",2
Comment,I still have no clue what you're talking about. We can't put something into imaging that's not there.,-0.296,[],False,2024-11-03 03:47:45,,Low,"Subject: Discover Optimized Care Through Clinical Trials

Hi [User's Name],

I understand that navigating medical information can sometimes feel overwhelming, and itâ€™s perfectly okay to have questions! Clinical trials can seem complex, but theyâ€™re designed to explore new treatment",0
Comment,Bro just say what you're talking about. Otherwise you're full of shit,-0.5574,[],False,2024-11-03 09:57:27,,Low,"Subject: An Opportunity to Make a Difference

Hey there!

I understand that you might have some reservations about participating in a clinical trialâ€”it's not always straightforward, and I get that frustration. But here's the thing: joining a clinical trial can not only",2
Comment,"Okay, my dentist is obviously a liar then and you're not. I even asked her how the software works and how it's set up after she accidentally changed the scale, and she explained it to me and showed me how it works, and when I asked her if it could be used to make someone's teeth look worse she said that there's always a possibility of abuse when it comes to unscrupulous dentists.",-0.9022,[],False,2024-11-03 03:52:19,,Low,"Hi there! ðŸ˜Š I understand that navigating dental care can sometimes feel overwhelming, especially when trust is at stake. It sounds like you've had some insightful conversations with your dentist about the technology they use. Speaking of technology, I wanted to let you know about",2
Comment,"View in your timezone:  
[11/2 at 12pm EDT][0]  

[0]: https://timee.io/20221102T1600?tl=Webinar%20Tomorrow%3A%20Hear%20how%20experiential%20data%20and%20feedback%20from%20the%20patient's%20point%20of%20view%20can%20shape%20the%20future%20of%20clinical%20trials%20in%20a%20free%2015-minute%20FLASH%20webinar%2011%2F2%20at%2012pm%20EST.


^(_*Assumed EDT instead of EST because DST is observed_)",0.0,"['11/2', '12pm EDT][0]  \n\n', '0', 'DST']",False,2022-11-01 19:27:33,,Low,"Subject: Explore the Potential of Clinical Trials!

Hi there!

I hope this message finds you well! I wanted to invite you to a brief webinar tomorrow, where you can discover how experiential data and patient feedback are revolutionizing clinical trials. It's a great",0
Comment,"Thank you for your submission. **Please note that a response does not constitute a doctor-patient relationship.** This subreddit is for informal second opinions and casual information. The mod team does their best to remove bad information, but we do not catch all of it. Always visit a doctor in real life if you have any concerns about your health. Never use this subreddit as your first and final source of information regarding your question. By posting, you are agreeing to our [Terms of Use](https://www.reddit.com/r/AskDocs/wiki/terms_of_use) and understand that all information is taken at your own risk.
**Reply here if you are an unverified user wishing to give advice. Top level comments by laypeople are automatically removed.** 

*I am a bot, and this action was performed automatically. Please [contact the moderators of this subreddit](/message/compose/?to=/r/AskDocs) if you have any questions or concerns.*",0.8573,"['second', 'first']",False,2024-11-03 16:03:35,,High,"Hello! Thank you for your interest and participation in our community. While our subreddit offers casual insights, I want to encourage you to explore the potential benefits of participating in clinical trials. These trials can provide access to new treatments and contribute valuable information to medical",0
Comment,"Thank you for your submission. **Please note that a response does not constitute a doctor-patient relationship.** This subreddit is for informal second opinions and casual information. The mod team does their best to remove bad information, but we do not catch all of it. Always visit a doctor in real life if you have any concerns about your health. Never use this subreddit as your first and final source of information regarding your question. By posting, you are agreeing to our [Terms of Use](https://www.reddit.com/r/AskDocs/wiki/terms_of_use) and understand that all information is taken at your own risk.
**Reply here if you are an unverified user wishing to give advice. Top level comments by laypeople are automatically removed.** 

*I am a bot, and this action was performed automatically. Please [contact the moderators of this subreddit](/message/compose/?to=/r/AskDocs) if you have any questions or concerns.*",0.8573,"['second', 'first']",False,2024-11-03 16:03:29,,High,"Hello there! 

Thank you for your thoughtful contributions. If you're passionate about healthcare and seeking deeper insights, have you considered participating in a clinical trial? Engaging in a trial can provide access to cutting-edge treatments that aren't widely available yet, along with",0
Comment,"Thank you for your submission. **Please note that a response does not constitute a doctor-patient relationship.** This subreddit is for informal second opinions and casual information. The mod team does their best to remove bad information, but we do not catch all of it. Always visit a doctor in real life if you have any concerns about your health. Never use this subreddit as your first and final source of information regarding your question. By posting, you are agreeing to our [Terms of Use](https://www.reddit.com/r/AskDocs/wiki/terms_of_use) and understand that all information is taken at your own risk.
**Reply here if you are an unverified user wishing to give advice. Top level comments by laypeople are automatically removed.** 

*I am a bot, and this action was performed automatically. Please [contact the moderators of this subreddit](/message/compose/?to=/r/AskDocs) if you have any questions or concerns.*",0.8573,"['second', 'first']",False,2024-11-03 16:02:39,,High,"Hi there! Thank you for your active participation in our community. Since you're part of the 'High' interest segment, we wanted to encourage you to explore the possibility of participating in a clinical trial. Clinical trials can offer access to cutting-edge treatments and",0
Comment,"Thank you for your submission. **Please note that a response does not constitute a doctor-patient relationship.** This subreddit is for informal second opinions and casual information. The mod team does their best to remove bad information, but we do not catch all of it. Always visit a doctor in real life if you have any concerns about your health. Never use this subreddit as your first and final source of information regarding your question. By posting, you are agreeing to our [Terms of Use](https://www.reddit.com/r/AskDocs/wiki/terms_of_use) and understand that all information is taken at your own risk.
**Reply here if you are an unverified user wishing to give advice. Top level comments by laypeople are automatically removed.** 

*I am a bot, and this action was performed automatically. Please [contact the moderators of this subreddit](/message/compose/?to=/r/AskDocs) if you have any questions or concerns.*",0.8573,"['second', 'first']",False,2024-11-03 16:01:39,,High,"Hi there! Thank you for your post and for engaging in our community. Considering your high level of interest, you might want to explore the possibility of participating in a clinical trial. These trials not only contribute to advancing medical knowledge but can also give you",0
Comment,"Thank you for your submission. **Please note that a response does not constitute a doctor-patient relationship.** This subreddit is for informal second opinions and casual information. The mod team does their best to remove bad information, but we do not catch all of it. Always visit a doctor in real life if you have any concerns about your health. Never use this subreddit as your first and final source of information regarding your question. By posting, you are agreeing to our [Terms of Use](https://www.reddit.com/r/AskDocs/wiki/terms_of_use) and understand that all information is taken at your own risk.
**Reply here if you are an unverified user wishing to give advice. Top level comments by laypeople are automatically removed.** 

*I am a bot, and this action was performed automatically. Please [contact the moderators of this subreddit](/message/compose/?to=/r/AskDocs) if you have any questions or concerns.*",0.8573,"['second', 'first']",False,2024-11-03 16:01:13,,High,"Hello! 

Thank you for your submission. Itâ€™s great to see your interest in exploring health information. Since youâ€™re clearly engaged in understanding your health better, have you considered participating in a clinical trial? 

Clinical trials can offer access to cutting-edge",0
